playerId,playerName,team,friday_avg,friday_obp,friday_slg,friday_ops,sunday_avg,sunday_obp,sunday_slg,sunday_ops
ID676116,Ryan Noda,Baltimore Orioles,0,0,0,0,1,1,1,2
ID641584,Jake Fraley,Atlanta Braves,0,0,0,0,0.75,0.75,0.75,1.5
ID642851,Austin Wynns,Cincinnati Reds,0.125,0.222,0.25,0.472,0.615,0.643,1.077,1.72
ID660644,Vidal Bruján,Atlanta Braves,0.2,0.2,0.2,0.4,0.6,0.714,0.6,1.314
ID672515,Gabriel Moreno,Arizona Diamondbacks,0.246,0.306,0.509,0.815,0.533,0.562,0.6,1.162
ID665052,Griffin Conine,Miami Marlins,0.273,0.273,0.273,0.546,0.5,0.625,1,1.625
ID669200,Mason McCoy,San Diego Padres,0,0,0,0,0.5,0.6,0.75,1.35
ID677595,Ronny Mauricio,New York Mets,0.2,0.317,0.229,0.546,0.5,0.548,0.714,1.262
ID668845,Aaron Schunk,Colorado Rockies,0.333,0.333,0.5,0.833,0.5,0.5,0.75,1.25
ID595751,Jorge Alfaro,Washington Nationals,0.25,0.25,0.25,0.5,0.5,0.5,0.75,1.25
ID668723,Ryan Vilade,St. Louis Cardinals,0,0,0,0,0.5,0.667,0.5,1.167
ID663993,Nathaniel Lowe,Boston Red Sox,0.25,0.4,0.5,0.9,0.5,0.556,0.562,1.118
ID670276,Cal Stevenson,Philadelphia Phillies,0.25,0.25,0.25,0.5,0.5,0.5,0.5,1
ID669369,Bryce Johnson,San Diego Padres,0.333,0.6,0.667,1.267,0.5,0.5,0.5,1
ID672279,Michael Siani,St. Louis Cardinals,0,0.2,0,0.2,0.5,0.5,0.5,1
ID683021,Michael Stefanic,Toronto Blue Jays,0.5,0.5,0.5,1,0.5,0.5,0.5,1
ID702358,Trey Lipscomb,Washington Nationals,0,0,0,0,0.5,0.5,0.5,1
ID640459,Brian Navarreto,Miami Marlins,1,1,3,4,0.5,0.333,0.5,0.833
ID666023,Freddy Fermin,San Diego Padres,0.182,0.182,0.182,0.364,0.478,0.52,0.522,1.042
ID608671,Travis Jankowski,Tampa Bay Rays,0,0,0,0,0.462,0.462,0.615,1.077
ID670097,Zack Short,Houston Astros,0.333,0.5,1.333,1.833,0.444,0.5,0.889,1.389
ID673490,Ha-Seong Kim,Atlanta Braves,0.091,0.154,0.364,0.518,0.444,0.538,0.778,1.316
ID682626,Francisco Alvarez,New York Mets,0.255,0.321,0.392,0.713,0.444,0.5,0.667,1.167
ID805904,Zach Cole,Houston Astros,0.375,0.375,0.75,1.125,0.429,0.5,0.857,1.357
ID676356,Jonny DeLuca,Tampa Bay Rays,0.4,0.4,0.4,0.8,0.429,0.429,0.429,0.858
ID664774,LaMonte Wade Jr.,Los Angeles Angels,0,0.231,0,0.231,0.417,0.533,0.667,1.2
ID663604,Brandon Lockridge,Milwaukee Brewers,0.333,0.375,0.4,0.775,0.417,0.429,0.667,1.096
ID695391,Brett Harris,Athletics,0.143,0.25,0.143,0.393,0.412,0.444,0.588,1.032
ID647351,Abraham Toro,Boston Red Sox,0.25,0.288,0.375,0.663,0.41,0.442,0.564,1.006
ID690022,Ryan Ritter,Colorado Rockies,0.222,0.216,0.361,0.577,0.407,0.5,0.444,0.944
ID669722,Logan Davidson,Athletics,0,0,0,0,0.4,0.5,0.6,1.1
ID592178,Kris Bryant,Colorado Rockies,0,0,0,0,0.4,0.4,0.6,1
ID621512,Tomás Nido,Detroit Tigers,0.375,0.375,0.375,0.75,0.4,0.4,0.4,0.8
ID665877,José Fermín,St. Louis Cardinals,0,0,0,0,0.389,0.5,0.611,1.111
ID671221,Drew Waters,Kansas City Royals,0.25,0.25,0.333,0.583,0.387,0.441,0.548,0.989
ID682622,Noelvi Marte,Cincinnati Reds,0.216,0.25,0.373,0.623,0.383,0.422,0.633,1.055
ID695734,Daylen Lile,Washington Nationals,0.3,0.364,0.58,0.944,0.377,0.393,0.528,0.921
ID678489,Jorge Barrosa,Arizona Diamondbacks,0.125,0.125,0.125,0.25,0.375,0.375,0.75,1.125
ID680728,Adrian Del Castillo,Arizona Diamondbacks,0.353,0.353,0.353,0.706,0.375,0.412,0.625,1.037
ID685301,Matt Gorski,Pittsburgh Pirates,0,0.125,0,0.125,0.375,0.375,0.625,1
ID640902,Jhonny Pereda,Minnesota Twins,0.429,0.5,0.714,1.214,0.375,0.375,0.5,0.875
ID624428,Adam Frazier,Kansas City Royals,0.265,0.306,0.441,0.747,0.37,0.37,0.593,0.963
ID683734,Andrew Vaughn,Milwaukee Brewers,0.324,0.39,0.568,0.958,0.368,0.4,0.421,0.821
ID686452,Drew Millas,Washington Nationals,0.333,0.333,0.333,0.666,0.364,0.417,0.727,1.144
ID694497,Evan Carter,Texas Rangers,0.206,0.372,0.206,0.578,0.364,0.4,0.727,1.127
ID805300,Jakob Marsee,Miami Marlins,0.194,0.286,0.323,0.609,0.364,0.4,0.697,1.097
ID672580,Maikel Garcia,Kansas City Royals,0.376,0.448,0.613,1.061,0.363,0.423,0.593,1.016
ID669701,Josh Smith,Texas Rangers,0.222,0.3,0.383,0.683,0.361,0.454,0.518,0.972
ID686217,Sal Frelick,Milwaukee Brewers,0.282,0.357,0.365,0.722,0.361,0.403,0.417,0.82
ID663538,Nico Hoerner,Chicago Cubs,0.272,0.318,0.417,0.735,0.358,0.384,0.495,0.879
ID642851,Austin Wynns,Athletics,0.143,0.143,0.571,0.714,0.357,0.4,0.857,1.257
ID807712,Luke Keaschall,Minnesota Twins,0.333,0.417,0.4,0.817,0.357,0.471,0.571,1.042
ID669720,Austin Hays,Cincinnati Reds,0.292,0.325,0.486,0.811,0.357,0.378,0.529,0.907
ID657077,Alex Verdugo,Atlanta Braves,0.237,0.275,0.263,0.538,0.355,0.412,0.387,0.799
ID657557,Paul DeJong,Washington Nationals,0.235,0.278,0.412,0.69,0.354,0.373,0.583,0.956
ID624641,Edmundo Sosa,Philadelphia Phillies,0.176,0.222,0.265,0.487,0.353,0.389,0.559,0.948
ID676801,Chas McCormick,Houston Astros,0.333,0.5,0.333,0.833,0.353,0.389,0.529,0.918
ID656811,Ryan O'Hearn,Baltimore Orioles,0.281,0.397,0.421,0.818,0.35,0.426,0.7,1.126
ID642136,Matt Thaiss,Chicago White Sox,0.083,0.312,0.167,0.479,0.35,0.417,0.6,1.017
ID690924,Braxton Fulford,Colorado Rockies,0.5,0.571,0.833,1.404,0.35,0.386,0.6,0.986
ID664728,Kyle Isbel,Kansas City Royals,0.268,0.284,0.366,0.65,0.348,0.4,0.435,0.835
ID645302,Victor Robles,Seattle Mariners,0.235,0.278,0.412,0.69,0.348,0.375,0.348,0.723
ID456781,Donovan Solano,Seattle Mariners,0.344,0.371,0.469,0.84,0.346,0.37,0.615,0.985
ID663647,Ke'Bryan Hayes,Pittsburgh Pirates,0.143,0.213,0.214,0.427,0.345,0.367,0.379,0.746
ID593428,Xander Bogaerts,San Diego Padres,0.211,0.287,0.25,0.537,0.342,0.418,0.557,0.975
ID676694,Jake Meyers,Houston Astros,0.463,0.508,0.537,1.045,0.34,0.433,0.38,0.813
ID670541,Yordan Alvarez,Houston Astros,0.069,0.147,0.069,0.216,0.333,0.4,0.667,1.067
ID663536,Tristin English,Arizona Diamondbacks,0,0,0,0,0.333,0.333,0.667,1
ID680118,Dairon Blanco,Kansas City Royals,0,0,0,0,0.333,0.333,0.667,1
ID669394,Jake Burger,Texas Rangers,0.227,0.224,0.348,0.572,0.333,0.333,0.625,0.958
ID656541,Sam Hilliard,Colorado Rockies,0.667,0.667,2.333,3,0.333,0.455,0.444,0.899
ID671056,Iván Herrera,St. Louis Cardinals,0.266,0.329,0.453,0.782,0.333,0.42,0.474,0.894
ID694208,Moisés Ballesteros,Chicago Cubs,0.375,0.5,0.625,1.125,0.333,0.5,0.333,0.833
ID668731,Akil Baddoo,Detroit Tigers,0,0,0,0,0.333,0.5,0.333,0.833
ID665750,Leody Taveras,Texas Rangers,0.154,0.214,0.154,0.368,0.333,0.333,0.5,0.833
ID681987,Nate Eaton,Boston Red Sox,0.2,0.294,0.4,0.694,0.333,0.455,0.333,0.788
ID687859,Troy Johnston,Miami Marlins,0.333,0.333,0.5,0.833,0.333,0.391,0.381,0.772
ID606115,Orlando Arcia,Atlanta Braves,0,0,0,0,0.333,0.333,0.333,0.666
ID607732,Jacob Stallings,Baltimore Orioles,0,0,0,0,0.333,0.333,0.333,0.666
ID622534,Manuel Margot,Detroit Tigers,0.5,0.5,0.5,1,0.333,0.333,0.333,0.666
ID572138,Jon Singleton,Houston Astros,0,0,0,0,0.333,0.333,0.333,0.666
ID677060,Chad Stevens,Los Angeles Angels,0,0,0,0,0.333,0.333,0.333,0.666
ID694203,Denzer Guzman,Los Angeles Angels,0.333,0.5,1.333,1.833,0.333,0.333,0.333,0.666
ID621035,Chris Taylor,Los Angeles Dodgers,0.333,0.333,0.333,0.666,0.333,0.333,0.333,0.666
ID664238,Dylan Moore,Texas Rangers,0.333,0.286,0.833,1.119,0.333,0.333,0.333,0.666
ID645305,Ali Sanchez,Toronto Blue Jays,0.25,0.25,0.5,0.75,0.333,0.333,0.333,0.666
ID643396,Isiah Kiner-Falefa,Toronto Blue Jays,0.4,0.4,0.4,0.8,0.333,0.333,0.333,0.666
ID643446,Jeff McNeil,New York Mets,0.258,0.333,0.468,0.801,0.328,0.414,0.557,0.971
ID696285,Jacob Young,Washington Nationals,0.265,0.321,0.286,0.607,0.327,0.407,0.404,0.811
ID678662,Ezequiel Tovar,Colorado Rockies,0.276,0.317,0.466,0.783,0.327,0.351,0.418,0.769
ID686527,Dominic Canzone,Seattle Mariners,0.25,0.314,0.25,0.564,0.326,0.38,0.478,0.858
ID681460,Brooks Baldwin,Chicago White Sox,0.279,0.289,0.488,0.777,0.326,0.383,0.372,0.755
ID657757,Gavin Sheets,San Diego Padres,0.25,0.308,0.417,0.725,0.325,0.365,0.463,0.828
ID805249,Otto Kemp,Philadelphia Phillies,0.258,0.324,0.452,0.776,0.324,0.343,0.618,0.961
ID650402,Gleyber Torres,Detroit Tigers,0.264,0.369,0.414,0.783,0.324,0.463,0.419,0.882
ID676572,Eric Wagaman,Miami Marlins,0.307,0.34,0.455,0.795,0.324,0.358,0.459,0.817
ID683766,Christian Koss,San Francisco Giants,0.375,0.5,0.438,0.938,0.324,0.342,0.405,0.747
ID643565,Mike Tauchman,Chicago White Sox,0.173,0.328,0.308,0.636,0.322,0.412,0.492,0.904
ID677594,Julio Rodríguez,Seattle Mariners,0.266,0.316,0.495,0.811,0.321,0.374,0.5,0.874
ID665487,Fernando Tatis Jr.,San Diego Padres,0.242,0.333,0.379,0.712,0.32,0.455,0.505,0.96
ID663743,Nick Fortes,Miami Marlins,0.222,0.318,0.222,0.54,0.32,0.32,0.48,0.8
ID676391,Ernie Clement,Toronto Blue Jays,0.207,0.258,0.28,0.538,0.319,0.351,0.407,0.758
ID687515,Colby Thomas,Athletics,0.3,0.417,0.6,1.017,0.318,0.333,0.545,0.878
ID802415,Chandler Simpson,Tampa Bay Rays,0.321,0.367,0.375,0.742,0.318,0.338,0.424,0.762
ID676059,Jordan Westburg,Baltimore Orioles,0.271,0.283,0.424,0.707,0.317,0.349,0.585,0.934
ID665966,Carlos Narváez,Boston Red Sox,0.21,0.329,0.371,0.7,0.317,0.359,0.567,0.926
ID641555,J.C. Escarra,New York Yankees,0.214,0.389,0.286,0.675,0.316,0.381,0.579,0.96
ID621439,Byron Buxton,Minnesota Twins,0.269,0.33,0.487,0.817,0.314,0.364,0.786,1.15
ID502671,Paul Goldschmidt,New York Yankees,0.247,0.284,0.455,0.739,0.313,0.387,0.398,0.785
ID673490,Ha-Seong Kim,Tampa Bay Rays,0.214,0.267,0.214,0.481,0.312,0.45,0.562,1.012
ID669743,Alex Call,Washington Nationals,0.261,0.393,0.478,0.871,0.312,0.421,0.417,0.838
ID656537,Derek Hill,Miami Marlins,0.167,0.286,0.167,0.453,0.312,0.353,0.438,0.791
ID668800,Andrew Knizner,San Francisco Giants,0.2,0.2,0.8,1,0.312,0.421,0.312,0.733
ID592450,Aaron Judge,New York Yankees,0.291,0.406,0.605,1.011,0.311,0.447,0.711,1.158
ID681481,Kerry Carpenter,Detroit Tigers,0.219,0.25,0.315,0.565,0.31,0.333,0.549,0.882
ID647304,Josh Naylor,Arizona Diamondbacks,0.262,0.303,0.344,0.647,0.31,0.42,0.379,0.799
ID621043,Carlos Correa,Minnesota Twins,0.25,0.339,0.396,0.735,0.31,0.385,0.345,0.73
ID682668,Luisangel Acuña,New York Mets,0.161,0.25,0.226,0.476,0.31,0.356,0.357,0.713
ID660271,Shohei Ohtani,Los Angeles Dodgers,0.242,0.357,0.516,0.873,0.309,0.422,0.588,1.01
ID688363,Graham Pauley,Miami Marlins,0.233,0.303,0.3,0.603,0.308,0.471,0.538,1.009
ID518934,DJ LeMahieu,New York Yankees,0.286,0.348,0.333,0.681,0.308,0.308,0.462,0.77
ID680977,Brendan Donovan,St. Louis Cardinals,0.293,0.391,0.453,0.844,0.308,0.357,0.41,0.767
ID516782,Starling Marte,New York Mets,0.291,0.317,0.455,0.772,0.308,0.386,0.333,0.719
ID666126,Carlos Cortes,Athletics,0.35,0.381,0.7,1.081,0.308,0.308,0.385,0.693
ID518692,Freddie Freeman,Los Angeles Dodgers,0.238,0.33,0.429,0.759,0.307,0.364,0.557,0.921
ID805779,Jacob Wilson,Athletics,0.236,0.261,0.315,0.576,0.306,0.333,0.447,0.78
ID643396,Isiah Kiner-Falefa,Pittsburgh Pirates,0.26,0.295,0.342,0.637,0.306,0.328,0.387,0.715
ID687551,Drew Gilbert,San Francisco Giants,0.176,0.25,0.294,0.544,0.304,0.333,0.609,0.942
ID666182,Bo Bichette,Toronto Blue Jays,0.32,0.368,0.433,0.801,0.302,0.374,0.406,0.78
ID502054,Tommy Pham,Pittsburgh Pirates,0.214,0.312,0.375,0.687,0.301,0.312,0.479,0.791
ID670223,Matt Mervis,Miami Marlins,0.05,0.095,0.05,0.145,0.3,0.364,0.6,0.964
ID630105,Jake Cronenworth,San Diego Padres,0.277,0.385,0.385,0.77,0.3,0.395,0.514,0.909
ID457705,Andrew McCutchen,Pittsburgh Pirates,0.3,0.382,0.433,0.815,0.3,0.362,0.471,0.833
ID681624,Andy Pages,Los Angeles Dodgers,0.247,0.271,0.315,0.586,0.3,0.321,0.487,0.808
ID666018,Jonathan Aranda,Tampa Bay Rays,0.233,0.266,0.367,0.633,0.3,0.391,0.4,0.791
ID519317,Giancarlo Stanton,New York Yankees,0.206,0.308,0.5,0.808,0.3,0.364,0.425,0.789
ID602104,Ramón Urías,Houston Astros,0.3,0.3,0.4,0.7,0.3,0.364,0.4,0.764
ID670156,Miles Mastrobuoni,Seattle Mariners,0.276,0.323,0.379,0.702,0.3,0.382,0.3,0.682
ID693307,Dillon Dingler,Detroit Tigers,0.296,0.359,0.493,0.852,0.3,0.309,0.362,0.671
ID641313,Tim Anderson,Los Angeles Angels,0.083,0.154,0.083,0.237,0.3,0.333,0.3,0.633
ID676701,Alan Trejo,Colorado Rockies,0,0,0,0,0.3,0.3,0.3,0.6
ID693304,Nick Gonzales,Pittsburgh Pirates,0.288,0.343,0.373,0.716,0.298,0.355,0.404,0.759
ID672386,Alejandro Kirk,Toronto Blue Jays,0.291,0.385,0.367,0.752,0.297,0.338,0.438,0.776
ID672744,Alexander Canario,Pittsburgh Pirates,0.273,0.351,0.606,0.957,0.296,0.387,0.519,0.906
ID668930,Brice Turang,Milwaukee Brewers,0.242,0.294,0.326,0.62,0.295,0.376,0.511,0.887
ID683002,Gunnar Henderson,Baltimore Orioles,0.363,0.427,0.604,1.031,0.295,0.388,0.477,0.865
ID678882,Ceddanne Rafaela,Boston Red Sox,0.206,0.25,0.333,0.583,0.295,0.327,0.495,0.822
ID681715,Heriberto Hernández,Miami Marlins,0.162,0.279,0.405,0.684,0.295,0.354,0.432,0.786
ID647304,Josh Naylor,Seattle Mariners,0.333,0.368,0.722,1.09,0.294,0.324,0.529,0.853
ID593871,Jorge Polanco,Seattle Mariners,0.333,0.364,0.571,0.935,0.294,0.319,0.515,0.834
ID592885,Christian Yelich,Milwaukee Brewers,0.312,0.389,0.542,0.931,0.294,0.362,0.447,0.809
ID677800,Wilyer Abreu,Boston Red Sox,0.237,0.329,0.475,0.804,0.293,0.359,0.638,0.997
ID686948,Drake Baldwin,Atlanta Braves,0.263,0.323,0.386,0.709,0.293,0.359,0.448,0.807
ID641487,J.P. Crawford,Seattle Mariners,0.275,0.315,0.353,0.668,0.292,0.364,0.506,0.87
ID668901,Mark Vientos,New York Mets,0.222,0.243,0.417,0.66,0.292,0.342,0.508,0.85
ID605141,Mookie Betts,Los Angeles Dodgers,0.239,0.298,0.457,0.755,0.292,0.358,0.438,0.796
ID670623,Isaac Paredes,Houston Astros,0.328,0.419,0.562,0.981,0.291,0.339,0.545,0.884
ID669065,Kyle Stowers,Miami Marlins,0.321,0.404,0.615,1.019,0.29,0.361,0.565,0.926
ID805367,Chase Meidroth,Chicago White Sox,0.221,0.302,0.26,0.562,0.288,0.381,0.425,0.806
ID646240,Rafael Devers,Boston Red Sox,0.353,0.476,0.647,1.123,0.286,0.407,0.735,1.142
ID642708,Amed Rosario,New York Yankees,0,0,0,0,0.286,0.286,0.714,1
ID641343,Jake Bauers,Milwaukee Brewers,0.25,0.333,0.281,0.614,0.286,0.394,0.464,0.858
ID608701,Rob Refsnyder,Boston Red Sox,0.346,0.414,0.692,1.106,0.286,0.333,0.486,0.819
ID595777,Jurickson Profar,Atlanta Braves,0.327,0.397,0.5,0.897,0.286,0.365,0.446,0.811
ID694362,Blake Dunn,Cincinnati Reds,0.273,0.529,0.364,0.893,0.286,0.5,0.286,0.786
ID671218,Heliot Ramos,San Francisco Giants,0.255,0.33,0.327,0.657,0.286,0.377,0.408,0.785
ID606115,Orlando Arcia,Colorado Rockies,0.292,0.292,0.417,0.709,0.286,0.286,0.486,0.772
ID666163,Ben Rortvedt,Los Angeles Dodgers,0.2,0.2,0.4,0.6,0.286,0.444,0.286,0.73
ID493329,Yuli Gurriel,San Diego Padres,0,0,0,0,0.286,0.444,0.286,0.73
ID686475,Tyler Tolbert,Kansas City Royals,0.4,0.5,0.4,0.9,0.286,0.25,0.286,0.536
ID680574,Matt McLain,Cincinnati Reds,0.195,0.303,0.338,0.641,0.284,0.353,0.459,0.812
ID700337,Edgar Quero,Chicago White Sox,0.345,0.424,0.534,0.958,0.283,0.348,0.333,0.681
ID665489,Vladimir Guerrero Jr.,Toronto Blue Jays,0.329,0.442,0.506,0.948,0.281,0.386,0.479,0.865
ID663853,Romy Gonzalez,Boston Red Sox,0.281,0.314,0.344,0.658,0.281,0.351,0.406,0.757
ID543807,George Springer,Toronto Blue Jays,0.325,0.4,0.47,0.87,0.28,0.322,0.561,0.883
ID573262,Mike Yastrzemski,Kansas City Royals,0.269,0.296,0.654,0.95,0.28,0.345,0.48,0.825
ID646240,Rafael Devers,San Francisco Giants,0.245,0.355,0.434,0.789,0.28,0.39,0.42,0.81
ID687221,Dalton Rushing,Los Angeles Dodgers,0,0,0,0,0.28,0.321,0.48,0.801
ID609280,Miguel Andujar,Athletics,0.286,0.324,0.457,0.781,0.28,0.379,0.4,0.779
ID686469,Vinnie Pasquantino,Kansas City Royals,0.309,0.385,0.536,0.921,0.28,0.339,0.44,0.779
ID650489,Willi Castro,Minnesota Twins,0.2,0.289,0.5,0.789,0.28,0.345,0.42,0.765
ID692585,Yanquiel Fernández,Colorado Rockies,0.217,0.28,0.522,0.802,0.28,0.379,0.28,0.659
ID661388,William Contreras,Milwaukee Brewers,0.304,0.339,0.48,0.819,0.279,0.398,0.5,0.898
ID624431,Jose Trevino,Cincinnati Reds,0.27,0.341,0.324,0.665,0.279,0.304,0.419,0.723
ID668904,Royce Lewis,Minnesota Twins,0.297,0.348,0.484,0.832,0.278,0.339,0.593,0.932
ID702616,Jackson Holliday,Baltimore Orioles,0.293,0.36,0.444,0.804,0.278,0.38,0.506,0.886
ID694388,Joey Loperfido,Toronto Blue Jays,0.471,0.571,0.765,1.336,0.278,0.278,0.389,0.667
ID663728,Cal Raleigh,Seattle Mariners,0.33,0.447,0.862,1.309,0.277,0.395,0.734,1.129
ID669357,Nolan Gorman,St. Louis Cardinals,0.152,0.286,0.174,0.46,0.277,0.357,0.447,0.804
ID663698,Joey Bart,Pittsburgh Pirates,0.22,0.418,0.22,0.638,0.277,0.358,0.404,0.762
ID701762,Nick Kurtz,Athletics,0.351,0.424,0.824,1.248,0.276,0.354,0.569,0.923
ID624424,Michael Conforto,Los Angeles Dodgers,0.135,0.22,0.257,0.477,0.276,0.4,0.379,0.779
ID669477,Casey Schmitt,San Francisco Giants,0.204,0.328,0.352,0.68,0.275,0.286,0.5,0.786
ID677950,Alek Thomas,Arizona Diamondbacks,0.22,0.242,0.339,0.581,0.275,0.286,0.338,0.624
ID605137,Josh Bell,Washington Nationals,0.233,0.341,0.438,0.779,0.274,0.361,0.452,0.813
ID663656,Kyle Tucker,Chicago Cubs,0.235,0.337,0.435,0.772,0.273,0.4,0.455,0.855
ID677951,Bobby Witt Jr.,Kansas City Royals,0.308,0.363,0.529,0.892,0.273,0.311,0.515,0.826
ID670764,Taylor Walls,Tampa Bay Rays,0.225,0.295,0.3,0.595,0.273,0.365,0.455,0.82
ID642215,Weston Wilson,Philadelphia Phillies,0.143,0.25,0.143,0.393,0.273,0.36,0.455,0.815
ID682653,Warming Bernabel,Colorado Rockies,0.273,0.333,0.545,0.878,0.273,0.333,0.455,0.788
ID620443,Luis Torrens,New York Mets,0.289,0.308,0.447,0.755,0.273,0.333,0.455,0.788
ID656582,Connor Joe,Cincinnati Reds,0.25,0.308,0.333,0.641,0.273,0.357,0.364,0.721
ID650333,Luis Arraez,San Diego Padres,0.295,0.33,0.368,0.698,0.273,0.314,0.333,0.647
ID655316,Andruw Monasterio,Milwaukee Brewers,0.444,0.5,0.722,1.222,0.273,0.294,0.303,0.597
ID676044,Bob Seymour,Tampa Bay Rays,0.154,0.214,0.154,0.368,0.273,0.273,0.273,0.546
ID666160,Mickey Moniak,Colorado Rockies,0.258,0.299,0.461,0.76,0.272,0.306,0.691,0.997
ID668227,Randy Arozarena,Seattle Mariners,0.232,0.327,0.4,0.727,0.272,0.359,0.456,0.815
ID669364,Xavier Edwards,Miami Marlins,0.3,0.351,0.322,0.673,0.272,0.33,0.326,0.656
ID694384,Nolan Schanuel,Los Angeles Angels,0.241,0.33,0.337,0.667,0.271,0.393,0.5,0.893
ID666181,Will Benson,Cincinnati Reds,0.294,0.314,0.529,0.843,0.27,0.282,0.541,0.823
ID623168,Tyler Heineman,Toronto Blue Jays,0.083,0.154,0.083,0.237,0.27,0.308,0.459,0.767
ID672640,Otto Lopez,Miami Marlins,0.307,0.351,0.602,0.953,0.27,0.333,0.427,0.76
ID682998,Corbin Carroll,Arizona Diamondbacks,0.236,0.303,0.472,0.775,0.269,0.34,0.505,0.845
ID664056,Harrison Bader,Minnesota Twins,0.242,0.359,0.455,0.814,0.269,0.339,0.462,0.801
ID663624,Ryan Mountcastle,Baltimore Orioles,0.242,0.257,0.409,0.666,0.269,0.321,0.346,0.667
ID663368,Blake Perkins,Milwaukee Brewers,0.211,0.211,0.526,0.737,0.269,0.345,0.308,0.653
ID691016,Tyler Soderstrom,Athletics,0.281,0.346,0.427,0.773,0.268,0.366,0.507,0.873
ID643289,Mauricio Dubón,Houston Astros,0.154,0.188,0.154,0.342,0.268,0.297,0.394,0.691
ID672724,Oswald Peraza,Los Angeles Angels,0.125,0.111,0.125,0.236,0.267,0.353,0.667,1.02
ID678246,Miguel Vargas,Chicago White Sox,0.272,0.381,0.444,0.825,0.267,0.368,0.547,0.915
ID596115,Trevor Story,Boston Red Sox,0.216,0.25,0.378,0.628,0.267,0.326,0.419,0.745
ID621438,Tyrone Taylor,New York Mets,0.185,0.232,0.308,0.54,0.267,0.34,0.378,0.718
ID543510,James McCann,Arizona Diamondbacks,0,0,0,0,0.267,0.25,0.467,0.717
ID663604,Brandon Lockridge,San Diego Padres,0.214,0.214,0.286,0.5,0.267,0.312,0.4,0.712
ID621493,Taylor Ward,Los Angeles Angels,0.128,0.245,0.244,0.489,0.265,0.345,0.531,0.876
ID666310,Bo Naylor,Cleveland Guardians,0.19,0.288,0.429,0.717,0.265,0.339,0.49,0.829
ID578428,Jose Iglesias,San Diego Padres,0.293,0.37,0.317,0.687,0.264,0.316,0.321,0.637
ID692225,Kristian Campbell,Boston Red Sox,0.225,0.319,0.225,0.544,0.263,0.378,0.421,0.799
ID691718,Pete Crow-Armstrong,Chicago Cubs,0.323,0.346,0.636,0.982,0.263,0.276,0.463,0.739
ID671277,Luis García Jr.,Washington Nationals,0.238,0.264,0.381,0.645,0.263,0.293,0.421,0.714
ID677649,Ezequiel Duran,Texas Rangers,0.241,0.267,0.31,0.577,0.263,0.31,0.368,0.678
ID683227,Cody Freeman,Texas Rangers,0.188,0.188,0.188,0.376,0.263,0.263,0.368,0.631
ID682988,Tyler Locklear,Arizona Diamondbacks,0.111,0.158,0.111,0.269,0.263,0.364,0.263,0.627
ID682641,Luis Matos,San Francisco Giants,0.444,0.474,0.889,1.363,0.262,0.256,0.524,0.78
ID641598,Mitch Garver,Seattle Mariners,0.289,0.372,0.684,1.056,0.262,0.328,0.41,0.738
ID663586,Austin Riley,Atlanta Braves,0.239,0.311,0.328,0.639,0.262,0.286,0.393,0.679
ID624428,Adam Frazier,Pittsburgh Pirates,0.357,0.404,0.524,0.928,0.262,0.295,0.381,0.676
ID592663,J.T. Realmuto,Philadelphia Phillies,0.338,0.414,0.506,0.92,0.262,0.304,0.369,0.673
ID571448,Nolan Arenado,St. Louis Cardinals,0.281,0.309,0.375,0.684,0.262,0.294,0.369,0.663
ID681393,Connor Norby,Miami Marlins,0.27,0.292,0.397,0.689,0.262,0.279,0.381,0.66
ID571970,Max Muncy,Los Angeles Dodgers,0.158,0.333,0.263,0.596,0.261,0.375,0.5,0.875
ID672761,Wenceel Pérez,Detroit Tigers,0.271,0.34,0.417,0.757,0.261,0.3,0.522,0.822
ID642133,Rowdy Tellez,Texas Rangers,0.333,0.389,0.8,1.189,0.261,0.346,0.435,0.781
ID592192,Mark Canha,Kansas City Royals,0.118,0.111,0.353,0.464,0.261,0.292,0.261,0.553
ID666969,Adolis García,Texas Rangers,0.143,0.193,0.247,0.44,0.26,0.345,0.455,0.8
ID682928,CJ Abrams,Washington Nationals,0.317,0.349,0.525,0.874,0.259,0.297,0.506,0.803
ID687363,Victor Scott II,St. Louis Cardinals,0.219,0.292,0.281,0.573,0.259,0.358,0.414,0.772
ID663647,Ke'Bryan Hayes,Cincinnati Reds,0.16,0.312,0.32,0.632,0.259,0.355,0.296,0.651
ID663757,Trent Grisham,New York Yankees,0.134,0.268,0.244,0.512,0.258,0.43,0.5,0.93
ID695506,Jac Caglianone,Kansas City Royals,0.2,0.289,0.325,0.614,0.258,0.361,0.484,0.845
ID592518,Manny Machado,San Diego Padres,0.24,0.283,0.49,0.773,0.258,0.343,0.473,0.816
ID691406,Junior Caminero,Tampa Bay Rays,0.24,0.277,0.469,0.746,0.258,0.292,0.449,0.741
ID680862,Willie MacIver,Athletics,0.2,0.273,0.3,0.573,0.257,0.316,0.457,0.773
ID608324,Alex Bregman,Boston Red Sox,0.333,0.435,0.528,0.963,0.257,0.358,0.414,0.772
ID664761,Alec Bohm,Philadelphia Phillies,0.216,0.256,0.243,0.499,0.257,0.325,0.4,0.725
ID650968,Yohel Pozo,St. Louis Cardinals,0.238,0.238,0.286,0.524,0.257,0.316,0.371,0.687
ID663993,Nathaniel Lowe,Washington Nationals,0.254,0.303,0.38,0.683,0.256,0.33,0.436,0.766
ID663616,Trevor Larnach,Minnesota Twins,0.288,0.35,0.521,0.871,0.256,0.299,0.333,0.632
ID656976,Pavin Smith,Arizona Diamondbacks,0.31,0.394,0.414,0.808,0.256,0.293,0.333,0.626
ID660688,Keibert Ruiz,Washington Nationals,0.189,0.286,0.189,0.475,0.256,0.293,0.256,0.549
ID669257,Will Smith,Los Angeles Dodgers,0.208,0.344,0.278,0.622,0.255,0.333,0.529,0.862
ID682985,Riley Greene,Detroit Tigers,0.3,0.358,0.71,1.068,0.255,0.317,0.479,0.796
ID668939,Adley Rutschman,Baltimore Orioles,0.222,0.354,0.333,0.687,0.255,0.3,0.426,0.726
ID650490,Yandy Díaz,Tampa Bay Rays,0.289,0.35,0.444,0.794,0.255,0.311,0.408,0.719
ID687263,Zach Neto,Los Angeles Angels,0.188,0.25,0.388,0.638,0.253,0.333,0.52,0.853
ID683737,Michael Busch,Chicago Cubs,0.25,0.323,0.524,0.847,0.253,0.352,0.405,0.757
ID575929,Willson Contreras,St. Louis Cardinals,0.324,0.41,0.574,0.984,0.253,0.316,0.414,0.73
ID686797,Brooks Lee,Minnesota Twins,0.205,0.284,0.244,0.528,0.253,0.295,0.434,0.729
ID650859,Luis Rengifo,Los Angeles Angels,0.253,0.305,0.32,0.625,0.253,0.286,0.367,0.653
ID506702,Sandy León,Atlanta Braves,0,0,0,0,0.25,0.25,1,1.25
ID609280,Miguel Andujar,Cincinnati Reds,0.429,0.478,0.619,1.097,0.25,0.455,0.625,1.08
ID665862,Jazz Chisholm Jr.,New York Yankees,0.239,0.308,0.408,0.716,0.25,0.341,0.632,0.973
ID596103,Austin Slater,Chicago White Sox,0.333,0.478,0.611,1.089,0.25,0.333,0.625,0.958
ID687478,Cam Devanney,Pittsburgh Pirates,0,0,0,0,0.25,0.4,0.5,0.9
ID663330,Jahmai Jones,Detroit Tigers,0.211,0.25,0.421,0.671,0.25,0.318,0.45,0.768
ID666165,Blake Sabol,Boston Red Sox,0,0.125,0,0.125,0.25,0.25,0.5,0.75
ID671655,George Valera,Cleveland Guardians,0.667,0.75,1,1.75,0.25,0.5,0.25,0.75
ID669717,Will Wilson,Cleveland Guardians,0.091,0.286,0.091,0.377,0.25,0.318,0.4,0.718
ID572233,Christian Walker,Houston Astros,0.245,0.286,0.398,0.684,0.25,0.309,0.409,0.718
ID514888,Jose Altuve,Houston Astros,0.303,0.367,0.515,0.882,0.25,0.319,0.388,0.707
ID686555,Isaac Collins,Milwaukee Brewers,0.232,0.394,0.286,0.68,0.25,0.357,0.333,0.69
ID663743,Nick Fortes,Tampa Bay Rays,0.214,0.312,0.214,0.526,0.25,0.357,0.333,0.69
ID595879,Javier Báez,Detroit Tigers,0.25,0.253,0.431,0.684,0.25,0.299,0.375,0.674
ID682829,Elly De La Cruz,Cincinnati Reds,0.293,0.364,0.505,0.869,0.25,0.295,0.375,0.67
ID680757,Steven Kwan,Cleveland Guardians,0.301,0.342,0.408,0.75,0.25,0.305,0.359,0.664
ID683734,Andrew Vaughn,Chicago White Sox,0.074,0.138,0.185,0.323,0.25,0.25,0.406,0.656
ID670231,John Rave,Kansas City Royals,0.25,0.333,0.472,0.805,0.25,0.357,0.292,0.649
ID673357,Luis Robert Jr.,Chicago White Sox,0.254,0.342,0.46,0.802,0.25,0.333,0.283,0.616
ID664702,Myles Straw,Toronto Blue Jays,0.28,0.387,0.36,0.747,0.25,0.286,0.3,0.586
ID695600,Carter Jensen,Kansas City Royals,0.375,0.375,0.75,1.125,0.25,0.333,0.25,0.583
ID686554,Oliver Dunn,Milwaukee Brewers,0,0,0,0,0.25,0.333,0.25,0.583
ID656413,Stuart Fairchild,Atlanta Braves,0.154,0.214,0.308,0.522,0.25,0.25,0.25,0.5
ID693409,César Prieto,St. Louis Cardinals,0,0,0,0,0.25,0.25,0.25,0.5
ID663796,Coco Montes,Tampa Bay Rays,0,0,0,0,0.25,0.25,0.25,0.5
ID683770,Will Robertson,Toronto Blue Jays,0,0,0,0,0.25,0.25,0.25,0.5
ID668715,Spencer Steer,Cincinnati Reds,0.236,0.352,0.506,0.858,0.247,0.318,0.416,0.734
ID691594,Javier Sanoja,Miami Marlins,0.28,0.321,0.62,0.941,0.246,0.301,0.354,0.655
ID691023,Jordan Walker,St. Louis Cardinals,0.177,0.212,0.226,0.438,0.246,0.342,0.304,0.646
ID656775,Cedric Mullins,Baltimore Orioles,0.15,0.232,0.317,0.549,0.245,0.281,0.396,0.677
ID680776,Jarren Duran,Boston Red Sox,0.225,0.306,0.342,0.648,0.245,0.316,0.358,0.674
ID686611,Dylan Crews,Washington Nationals,0.295,0.34,0.432,0.772,0.245,0.26,0.388,0.648
ID671739,Michael Harris II,Atlanta Braves,0.276,0.308,0.367,0.675,0.245,0.258,0.383,0.641
ID621020,Dansby Swanson,Chicago Cubs,0.2,0.267,0.474,0.741,0.245,0.273,0.34,0.613
ID700242,Trey Sweeney,Detroit Tigers,0.209,0.261,0.349,0.61,0.244,0.326,0.39,0.716
ID672820,Lenyn Sosa,Chicago White Sox,0.32,0.342,0.547,0.889,0.244,0.267,0.39,0.657
ID687462,Spencer Horwitz,Pittsburgh Pirates,0.222,0.279,0.365,0.644,0.243,0.316,0.429,0.745
ID673962,Josh Jung,Texas Rangers,0.256,0.301,0.372,0.673,0.243,0.274,0.357,0.631
ID687401,Joey Ortiz,Milwaukee Brewers,0.203,0.263,0.216,0.479,0.243,0.3,0.324,0.624
ID670242,Matt Wallner,Minnesota Twins,0.154,0.267,0.308,0.575,0.242,0.319,0.452,0.771
ID607208,Trea Turner,Philadelphia Phillies,0.384,0.435,0.596,1.031,0.242,0.311,0.341,0.652
ID642086,Dominic Smith,San Francisco Giants,0.457,0.45,0.771,1.221,0.241,0.371,0.276,0.647
ID669236,Jeremiah Jackson,Baltimore Orioles,0.296,0.345,0.333,0.678,0.241,0.29,0.345,0.635
ID669707,Jared Triolo,Pittsburgh Pirates,0.23,0.288,0.344,0.632,0.24,0.345,0.4,0.745
ID660162,Yoán Moncada,Los Angeles Angels,0.261,0.34,0.63,0.97,0.24,0.441,0.28,0.721
ID665828,Oswaldo Cabrera,New York Yankees,0.368,0.4,0.421,0.821,0.24,0.296,0.36,0.656
ID592669,Hunter Renfroe,Kansas City Royals,0.222,0.273,0.222,0.495,0.24,0.269,0.36,0.629
ID667670,Brent Rooker,Athletics,0.267,0.342,0.465,0.807,0.24,0.305,0.323,0.628
ID677587,Brayan Rocchio,Cleveland Guardians,0.222,0.259,0.296,0.555,0.24,0.339,0.26,0.599
ID642731,Thairo Estrada,Colorado Rockies,0.29,0.312,0.452,0.764,0.24,0.296,0.28,0.576
ID694192,Jackson Chourio,Milwaukee Brewers,0.309,0.367,0.457,0.824,0.239,0.263,0.443,0.706
ID656555,Rhys Hoskins,Milwaukee Brewers,0.225,0.354,0.25,0.604,0.238,0.314,0.405,0.719
ID672356,Gabriel Arias,Cleveland Guardians,0.176,0.237,0.27,0.507,0.238,0.29,0.397,0.687
ID676475,Alec Burleson,St. Louis Cardinals,0.35,0.42,0.533,0.953,0.238,0.286,0.393,0.679
ID700250,Ben Rice,New York Yankees,0.28,0.341,0.387,0.728,0.237,0.363,0.487,0.85
ID668804,Bryan Reynolds,Pittsburgh Pirates,0.276,0.324,0.48,0.804,0.237,0.317,0.355,0.672
ID641680,Jonah Heim,Texas Rangers,0.2,0.243,0.431,0.674,0.237,0.288,0.288,0.576
ID573262,Mike Yastrzemski,San Francisco Giants,0.158,0.273,0.211,0.484,0.236,0.306,0.4,0.706
ID607043,Brandon Nimmo,New York Mets,0.309,0.383,0.511,0.894,0.236,0.314,0.36,0.674
ID669016,Brandon Marsh,Philadelphia Phillies,0.274,0.343,0.484,0.827,0.236,0.317,0.345,0.662
ID641943,Joshua Palacios,Chicago White Sox,0.136,0.136,0.136,0.272,0.235,0.409,0.412,0.821
ID596142,Gary Sánchez,Baltimore Orioles,0.467,0.529,0.733,1.262,0.235,0.316,0.412,0.728
ID676679,Luis Vázquez,Baltimore Orioles,0.286,0.286,0.286,0.572,0.235,0.235,0.412,0.647
ID664040,Brandon Lowe,Tampa Bay Rays,0.247,0.268,0.481,0.749,0.234,0.294,0.442,0.736
ID680718,Addison Barger,Toronto Blue Jays,0.236,0.306,0.449,0.755,0.233,0.282,0.548,0.83
ID700932,Kyle Manzardo,Cleveland Guardians,0.221,0.358,0.351,0.709,0.233,0.275,0.493,0.768
ID682177,Daniel Schneemann,Cleveland Guardians,0.177,0.261,0.29,0.551,0.233,0.313,0.433,0.746
ID521692,Salvador Perez,Kansas City Royals,0.271,0.326,0.471,0.797,0.233,0.295,0.447,0.742
ID663968,Jake Mangum,Tampa Bay Rays,0.281,0.303,0.328,0.631,0.233,0.277,0.3,0.577
ID621566,Matt Olson,Atlanta Braves,0.25,0.327,0.42,0.747,0.232,0.321,0.411,0.732
ID672695,Geraldo Perdomo,Arizona Diamondbacks,0.333,0.435,0.531,0.966,0.232,0.345,0.337,0.682
ID701538,Jackson Merrill,San Diego Padres,0.254,0.303,0.31,0.613,0.231,0.306,0.477,0.783
ID682663,Agustín Ramírez,Miami Marlins,0.261,0.313,0.533,0.846,0.231,0.326,0.41,0.736
ID624585,Jorge Soler,Los Angeles Angels,0.227,0.292,0.455,0.747,0.231,0.319,0.41,0.729
ID666624,Christopher Morel,Tampa Bay Rays,0.217,0.294,0.37,0.664,0.231,0.286,0.333,0.619
ID701675,Nathan Church,St. Louis Cardinals,0.25,0.25,0.625,0.875,0.231,0.375,0.231,0.606
ID660757,Oscar Gonzalez,San Diego Padres,0.3,0.3,0.3,0.6,0.231,0.286,0.308,0.594
ID664059,Sam Haggerty,Texas Rangers,0.281,0.395,0.406,0.801,0.231,0.286,0.269,0.555
ID665742,Juan Soto,New York Mets,0.379,0.496,0.789,1.285,0.23,0.409,0.379,0.788
ID606466,Ketel Marte,Arizona Diamondbacks,0.311,0.457,0.635,1.092,0.23,0.319,0.377,0.696
ID543877,Christian Vázquez,Minnesota Twins,0.2,0.31,0.28,0.59,0.229,0.27,0.314,0.584
ID643376,Danny Jansen,Milwaukee Brewers,0.333,0.375,0.333,0.708,0.227,0.346,0.455,0.801
ID571912,Luke Maile,Kansas City Royals,1,1,1.5,2.5,0.227,0.346,0.409,0.755
ID808975,Hyeseong Kim,Los Angeles Dodgers,0.412,0.412,0.471,0.883,0.227,0.227,0.364,0.591
ID664056,Harrison Bader,Philadelphia Phillies,0.316,0.409,0.737,1.146,0.227,0.357,0.227,0.584
ID606992,Eric Haase,Milwaukee Brewers,0,0,0,0,0.227,0.346,0.227,0.573
ID664770,Nathan Lukes,Toronto Blue Jays,0.208,0.237,0.273,0.51,0.227,0.303,0.258,0.561
ID657656,Ramón Laureano,San Diego Padres,0.133,0.133,0.3,0.433,0.226,0.273,0.548,0.821
ID808982,Jung Hoo Lee,San Francisco Giants,0.271,0.34,0.375,0.715,0.226,0.298,0.393,0.691
ID667472,Dane Myers,Miami Marlins,0.22,0.291,0.32,0.611,0.226,0.305,0.377,0.682
ID691781,Brady House,Washington Nationals,0.209,0.227,0.349,0.576,0.225,0.227,0.25,0.477
ID608369,Corey Seager,Texas Rangers,0.237,0.387,0.373,0.76,0.224,0.293,0.448,0.741
ID695657,Colson Montgomery,Chicago White Sox,0.283,0.377,0.609,0.986,0.222,0.314,0.489,0.803
ID666211,Taylor Trammell,Houston Astros,0.143,0.2,0.321,0.521,0.222,0.3,0.5,0.8
ID683090,Matthew Lugo,Los Angeles Angels,0.25,0.333,0.25,0.583,0.222,0.222,0.556,0.778
ID680837,Ryan Fitzgerald,Minnesota Twins,0,0,0,0,0.222,0.222,0.556,0.778
ID596019,Francisco Lindor,New York Mets,0.294,0.395,0.618,1.013,0.222,0.288,0.407,0.695
ID660844,Leo Rivas,Seattle Mariners,0.333,0.5,0.5,1,0.222,0.44,0.222,0.662
ID500743,Miguel Rojas,Los Angeles Dodgers,0.265,0.324,0.5,0.824,0.222,0.288,0.37,0.658
ID676609,José Caballero,New York Yankees,0.273,0.333,0.364,0.697,0.222,0.211,0.444,0.655
ID678011,Anthony Seigler,Milwaukee Brewers,0,0,0,0,0.222,0.417,0.222,0.639
ID605131,Austin Barnes,Los Angeles Dodgers,0,0,0,0,0.222,0.3,0.333,0.633
ID671732,Lawrence Butler,Athletics,0.286,0.358,0.429,0.787,0.222,0.278,0.344,0.622
ID807713,Matt Shaw,Chicago Cubs,0.169,0.214,0.308,0.522,0.222,0.288,0.333,0.621
ID691785,Marcelo Mayer,Boston Red Sox,0.24,0.24,0.4,0.64,0.222,0.263,0.333,0.596
ID657041,Lane Thomas,Cleveland Guardians,0.13,0.13,0.174,0.304,0.222,0.348,0.222,0.57
ID663898,Brendan Rodgers,Houston Astros,0.227,0.261,0.409,0.67,0.222,0.222,0.222,0.444
ID682927,Ronny Simon,Pittsburgh Pirates,0,0.25,0,0.25,0.222,0.222,0.222,0.444
ID702332,Caleb Durbin,Milwaukee Brewers,0.333,0.383,0.437,0.82,0.221,0.318,0.364,0.682
ID553869,Elias Díaz,San Diego Padres,0.167,0.222,0.214,0.436,0.22,0.291,0.48,0.771
ID660670,Ronald Acuña Jr.,Atlanta Braves,0.411,0.476,0.75,1.226,0.218,0.306,0.309,0.615
ID665926,Andrés Giménez,Toronto Blue Jays,0.161,0.23,0.179,0.409,0.218,0.271,0.309,0.58
ID645277,Ozzie Albies,Atlanta Braves,0.221,0.306,0.337,0.643,0.218,0.255,0.287,0.542
ID683011,Anthony Volpe,New York Yankees,0.25,0.333,0.461,0.794,0.217,0.286,0.337,0.623
ID682729,Jonatan Clase,Toronto Blue Jays,0.048,0.091,0.095,0.186,0.217,0.25,0.261,0.511
ID677942,Blaze Alexander,Arizona Diamondbacks,0.211,0.318,0.447,0.765,0.216,0.275,0.324,0.599
ID553993,Eugenio Suárez,Arizona Diamondbacks,0.273,0.329,0.636,0.965,0.215,0.271,0.492,0.763
ID666149,Tyler Fitzgerald,San Francisco Giants,0.243,0.3,0.297,0.597,0.214,0.312,0.5,0.812
ID701305,Zach Dezenzo,Houston Astros,0.133,0.188,0.133,0.321,0.214,0.353,0.429,0.782
ID668670,Jake Rogers,Detroit Tigers,0.2,0.333,0.3,0.633,0.214,0.214,0.5,0.714
ID676914,Davis Schneider,Toronto Blue Jays,0.318,0.423,0.318,0.741,0.214,0.389,0.321,0.71
ID701350,Roman Anthony,Boston Red Sox,0.289,0.449,0.447,0.896,0.214,0.312,0.31,0.622
ID691783,Jordan Lawlar,Arizona Diamondbacks,0.154,0.143,0.308,0.451,0.214,0.312,0.286,0.598
ID656941,Kyle Schwarber,Philadelphia Phillies,0.267,0.421,0.656,1.077,0.213,0.345,0.447,0.792
ID641857,Ryan McMahon,Colorado Rockies,0.302,0.375,0.603,0.978,0.213,0.333,0.393,0.726
ID671289,Tyler Freeman,Colorado Rockies,0.259,0.328,0.397,0.725,0.213,0.356,0.34,0.696
ID649966,Luis Urías,Athletics,0.382,0.45,0.618,1.068,0.213,0.288,0.319,0.607
ID656716,Zach McKinstry,Detroit Tigers,0.253,0.333,0.467,0.8,0.213,0.299,0.307,0.606
ID592206,Nick Castellanos,Philadelphia Phillies,0.294,0.348,0.576,0.924,0.212,0.257,0.414,0.671
ID455117,Martín Maldonado,San Diego Padres,0.28,0.308,0.6,0.908,0.211,0.211,0.211,0.422
ID687597,Jordan Beck,Colorado Rockies,0.274,0.349,0.442,0.791,0.21,0.278,0.346,0.624
ID606192,Teoscar Hernández,Los Angeles Dodgers,0.186,0.245,0.337,0.582,0.209,0.247,0.403,0.65
ID669224,Austin Wells,New York Yankees,0.271,0.343,0.407,0.75,0.208,0.317,0.415,0.732
ID696100,Hunter Goodman,Colorado Rockies,0.337,0.424,0.558,0.982,0.208,0.26,0.361,0.621
ID657656,Ramón Laureano,Baltimore Orioles,0.289,0.382,0.422,0.804,0.208,0.269,0.312,0.581
ID605361,Nick Martini,Colorado Rockies,0.071,0.188,0.071,0.259,0.208,0.24,0.208,0.448
ID547180,Bryce Harper,Philadelphia Phillies,0.276,0.382,0.5,0.882,0.207,0.286,0.329,0.615
ID689414,Liam Hicks,Miami Marlins,0.212,0.333,0.346,0.679,0.207,0.294,0.276,0.57
ID691176,Jasson Domínguez,New York Yankees,0.34,0.426,0.66,1.086,0.206,0.312,0.235,0.547
ID691019,Kyle Teel,Chicago White Sox,0.212,0.366,0.273,0.639,0.205,0.286,0.227,0.513
ID656305,Matt Chapman,San Francisco Giants,0.242,0.378,0.485,0.863,0.203,0.359,0.405,0.764
ID542303,Marcell Ozuna,Atlanta Braves,0.141,0.292,0.295,0.587,0.203,0.329,0.391,0.72
ID673237,Yainer Diaz,Houston Astros,0.279,0.315,0.488,0.803,0.203,0.231,0.378,0.609
ID686668,Brenton Doyle,Colorado Rockies,0.225,0.267,0.325,0.592,0.203,0.25,0.338,0.588
ID682657,Angel Martínez,Cleveland Guardians,0.26,0.275,0.494,0.769,0.203,0.25,0.304,0.554
ID641355,Cody Bellinger,New York Yankees,0.19,0.227,0.405,0.632,0.202,0.271,0.394,0.665
ID669288,Daniel Johnson,San Francisco Giants,0,0,0,0,0.2,0.2,0.8,1
ID669087,Sam Huff,San Francisco Giants,0.333,0.25,0.333,0.583,0.2,0.25,0.6,0.85
ID671284,Tim Elko,Chicago White Sox,0,0.111,0,0.111,0.2,0.273,0.5,0.773
ID700246,Carson Williams,Tampa Bay Rays,0.158,0.158,0.474,0.632,0.2,0.294,0.467,0.761
ID553993,Eugenio Suárez,Seattle Mariners,0.172,0.226,0.414,0.64,0.2,0.314,0.4,0.714
ID687957,Dustin Harris,Texas Rangers,0.333,0.333,0.556,0.889,0.2,0.2,0.5,0.7
ID656577,Alex Jackson,Baltimore Orioles,0.357,0.438,0.643,1.081,0.2,0.259,0.4,0.659
ID621043,Carlos Correa,Houston Astros,0.29,0.371,0.419,0.79,0.2,0.25,0.4,0.65
ID656775,Cedric Mullins,New York Mets,0.278,0.316,0.5,0.816,0.2,0.286,0.36,0.646
ID663697,Jonathan India,Kansas City Royals,0.184,0.26,0.299,0.559,0.2,0.315,0.32,0.635
ID691723,Coby Mayo,Baltimore Orioles,0.209,0.292,0.558,0.85,0.2,0.265,0.356,0.621
ID669261,Jack Suwinski,Pittsburgh Pirates,0.091,0.2,0.227,0.427,0.2,0.351,0.267,0.618
ID666185,Dylan Carlson,Baltimore Orioles,0.182,0.308,0.455,0.763,0.2,0.238,0.325,0.563
ID665561,Rafael Marchán,Philadelphia Phillies,0.143,0.188,0.214,0.402,0.2,0.294,0.267,0.561
ID681297,Colton Cowser,Baltimore Orioles,0.211,0.274,0.368,0.642,0.2,0.245,0.3,0.545
ID665161,Jeremy Peña,Houston Astros,0.295,0.349,0.41,0.759,0.2,0.259,0.28,0.539
ID682634,Kevin Alcántara,Chicago Cubs,0,0,0,0,0.2,0.333,0.2,0.533
ID678391,Jorbit Vivas,New York Yankees,0.235,0.381,0.294,0.675,0.2,0.333,0.2,0.533
ID669397,Nick Allen,Atlanta Braves,0.183,0.242,0.183,0.425,0.2,0.286,0.2,0.486
ID571657,Kyle Farmer,Colorado Rockies,0.35,0.357,0.65,1.007,0.2,0.265,0.2,0.465
ID691720,Kyle Karros,Colorado Rockies,0.304,0.393,0.304,0.697,0.2,0.188,0.267,0.455
ID641645,Luis Guillorme,Houston Astros,0,0,0,0,0.2,0.2,0.2,0.4
ID669304,Jose Miranda,Minnesota Twins,0,0,0,0,0.2,0.2,0.2,0.4
ID673548,Seiya Suzuki,Chicago Cubs,0.266,0.317,0.5,0.817,0.198,0.279,0.407,0.686
ID679529,Spencer Torkelson,Detroit Tigers,0.239,0.376,0.489,0.865,0.198,0.302,0.319,0.621
ID543760,Marcus Semien,Texas Rangers,0.188,0.241,0.35,0.591,0.197,0.271,0.355,0.626
ID668709,JJ Bleday,Athletics,0.18,0.288,0.32,0.608,0.196,0.275,0.37,0.645
ID645444,Jose Herrera,Arizona Diamondbacks,0.207,0.343,0.241,0.584,0.196,0.236,0.314,0.55
ID672275,Patrick Bailey,San Francisco Giants,0.282,0.337,0.435,0.772,0.196,0.25,0.25,0.5
ID666158,Gavin Lux,Cincinnati Reds,0.291,0.361,0.327,0.688,0.195,0.279,0.26,0.539
ID695681,Christian Moore,Los Angeles Angels,0.154,0.267,0.385,0.652,0.194,0.265,0.29,0.555
ID656811,Ryan O'Hearn,San Diego Padres,0.217,0.308,0.217,0.525,0.194,0.212,0.226,0.438
ID662139,Daulton Varsho,Toronto Blue Jays,0.238,0.267,0.452,0.719,0.192,0.3,0.385,0.685
ID642708,Amed Rosario,Washington Nationals,0.2,0.25,0.4,0.65,0.192,0.276,0.231,0.507
ID681807,David Fry,Cleveland Guardians,0.261,0.346,0.652,0.998,0.192,0.222,0.269,0.491
ID624413,Pete Alonso,New York Mets,0.212,0.308,0.465,0.773,0.19,0.277,0.39,0.667
ID664034,Ty France,Minnesota Twins,0.26,0.339,0.4,0.739,0.19,0.25,0.276,0.526
ID666139,Josh Lowe,Tampa Bay Rays,0.203,0.244,0.311,0.555,0.19,0.238,0.276,0.514
ID666023,Freddy Fermin,Kansas City Royals,0.31,0.333,0.345,0.678,0.19,0.227,0.238,0.465
ID642715,Willy Adames,San Francisco Giants,0.257,0.318,0.495,0.813,0.189,0.312,0.333,0.645
ID691026,Masyn Winn,St. Louis Cardinals,0.278,0.313,0.354,0.667,0.189,0.302,0.243,0.545
ID683083,Nasim Nuñez,Washington Nationals,0.111,0.273,0.111,0.384,0.188,0.222,0.375,0.597
ID702284,Cole Young,Seattle Mariners,0.229,0.325,0.314,0.639,0.188,0.235,0.312,0.547
ID665953,Andrés Chaparro,Washington Nationals,0,0.111,0,0.111,0.188,0.188,0.188,0.376
ID642133,Rowdy Tellez,Seattle Mariners,0.323,0.389,0.774,1.163,0.185,0.214,0.37,0.584
ID676609,José Caballero,Tampa Bay Rays,0.229,0.341,0.371,0.712,0.185,0.343,0.222,0.565
ID641584,Jake Fraley,Cincinnati Reds,0.118,0.211,0.294,0.505,0.185,0.29,0.259,0.549
ID677588,José Tena,Washington Nationals,0.25,0.314,0.344,0.658,0.185,0.29,0.259,0.549
ID694671,Wyatt Langford,Texas Rangers,0.243,0.321,0.446,0.767,0.184,0.316,0.329,0.645
ID545361,Mike Trout,Los Angeles Angels,0.169,0.322,0.324,0.646,0.184,0.308,0.329,0.637
ID602104,Ramón Urías,Baltimore Orioles,0.31,0.347,0.571,0.918,0.184,0.222,0.327,0.549
ID605170,Victor Caratini,Houston Astros,0.295,0.333,0.5,0.833,0.184,0.271,0.204,0.475
ID665019,Kody Clemens,Minnesota Twins,0.224,0.291,0.49,0.781,0.183,0.258,0.3,0.558
ID701358,Cam Smith,Houston Astros,0.265,0.39,0.485,0.875,0.183,0.247,0.282,0.529
ID702176,Alan Roden,Toronto Blue Jays,0.111,0.091,0.222,0.313,0.182,0.296,0.318,0.614
ID686765,Nick Sogard,Boston Red Sox,0.25,0.286,0.3,0.586,0.182,0.182,0.364,0.546
ID527038,Wilmer Flores,San Francisco Giants,0.227,0.256,0.387,0.643,0.182,0.299,0.212,0.511
ID663584,Hayden Senger,New York Mets,0.2,0.2,0.2,0.4,0.182,0.25,0.182,0.432
ID670770,TJ Friedl,Cincinnati Reds,0.195,0.343,0.356,0.699,0.181,0.304,0.245,0.549
ID608070,José Ramírez,Cleveland Guardians,0.323,0.404,0.667,1.071,0.181,0.257,0.277,0.534
ID680777,Ryan Jeffers,Minnesota Twins,0.258,0.333,0.387,0.72,0.181,0.241,0.278,0.519
ID624512,Reese McGuire,Chicago Cubs,0.391,0.417,0.783,1.2,0.179,0.207,0.5,0.707
ID664238,Dylan Moore,Seattle Mariners,0.176,0.222,0.382,0.604,0.179,0.207,0.393,0.6
ID668885,Austin Martin,Minnesota Twins,0.4,0.538,0.55,1.088,0.179,0.258,0.25,0.508
ID680779,Henry Davis,Pittsburgh Pirates,0.171,0.261,0.317,0.578,0.179,0.256,0.205,0.461
ID681351,Logan O'Hoppe,Los Angeles Angels,0.231,0.268,0.385,0.653,0.177,0.239,0.274,0.513
ID694212,Samuel Basallo,Baltimore Orioles,0.231,0.231,0.538,0.769,0.176,0.3,0.353,0.653
ID678009,Parker Meadows,Detroit Tigers,0.226,0.273,0.419,0.692,0.176,0.263,0.324,0.587
ID643217,Andrew Benintendi,Chicago White Sox,0.267,0.325,0.507,0.832,0.176,0.241,0.324,0.565
ID570482,Gio Urshela,Athletics,0.15,0.209,0.2,0.409,0.176,0.275,0.206,0.481
ID660644,Vidal Bruján,Chicago Cubs,0.556,0.556,0.778,1.334,0.176,0.176,0.176,0.352
ID681082,Bryson Stott,Philadelphia Phillies,0.221,0.311,0.377,0.688,0.175,0.275,0.287,0.562
ID663457,Lars Nootbaar,St. Louis Cardinals,0.212,0.292,0.275,0.567,0.175,0.272,0.25,0.522
ID695336,Thomas Saggese,St. Louis Cardinals,0.25,0.302,0.325,0.627,0.175,0.186,0.281,0.467
ID641933,Tyler O'Neill,Baltimore Orioles,0.229,0.293,0.457,0.75,0.174,0.269,0.478,0.747
ID643376,Danny Jansen,Tampa Bay Rays,0.227,0.346,0.5,0.846,0.174,0.269,0.304,0.573
ID666971,Lourdes Gurriel Jr.,Arizona Diamondbacks,0.309,0.32,0.412,0.732,0.174,0.253,0.304,0.557
ID690993,Colt Keith,Detroit Tigers,0.218,0.261,0.333,0.594,0.173,0.306,0.269,0.575
ID666134,Nolan Jones,Cleveland Guardians,0.29,0.323,0.468,0.791,0.173,0.295,0.25,0.545
ID664023,Ian Happ,Chicago Cubs,0.291,0.398,0.558,0.956,0.172,0.274,0.258,0.532
ID467793,Carlos Santana,Cleveland Guardians,0.222,0.318,0.333,0.651,0.172,0.284,0.19,0.474
ID664983,Jake McCarthy,Arizona Diamondbacks,0.241,0.29,0.345,0.635,0.171,0.244,0.293,0.537
ID665833,Oneil Cruz,Pittsburgh Pirates,0.25,0.333,0.463,0.796,0.169,0.286,0.312,0.598
ID669242,Tommy Edman,Los Angeles Dodgers,0.162,0.208,0.309,0.517,0.169,0.242,0.288,0.53
ID664913,Seth Brown,Athletics,0.333,0.5,0.444,0.944,0.167,0.286,0.417,0.703
ID681546,James Outman,Minnesota Twins,0,0.25,0,0.25,0.167,0.167,0.333,0.5
ID672016,Denzel Clarke,Athletics,0.346,0.37,0.577,0.947,0.167,0.219,0.267,0.486
ID681146,Jonah Bride,Miami Marlins,0,0,0,0,0.167,0.286,0.167,0.453
ID678554,Curtis Mead,Chicago White Sox,0.333,0.4,0.389,0.789,0.167,0.211,0.222,0.433
ID691182,Adael Amador,Colorado Rockies,0.067,0.176,0.133,0.309,0.167,0.211,0.222,0.433
ID572191,Michael A. Taylor,Chicago White Sox,0.19,0.242,0.276,0.518,0.167,0.2,0.214,0.414
ID628451,Andy Ibáñez,Detroit Tigers,0.158,0.238,0.368,0.606,0.167,0.231,0.167,0.398
ID678894,Liover Peguero,Pittsburgh Pirates,0.167,0.167,0.167,0.334,0.167,0.231,0.167,0.398
ID665804,Miguel Amaya,Chicago Cubs,0,0,0,0,0.167,0.167,0.167,0.334
ID467793,Carlos Santana,Chicago Cubs,0,0,0,0,0.167,0.167,0.167,0.334
ID624415,Cavan Biggio,Kansas City Royals,0.25,0.308,0.417,0.725,0.167,0.167,0.167,0.334
ID691185,Maximo Acosta,Miami Marlins,0.333,0.4,0.667,1.067,0.167,0.167,0.167,0.334
ID663662,Daz Cameron,Milwaukee Brewers,0,0,0,0,0.167,0.167,0.167,0.334
ID669289,Santiago Espinal,Cincinnati Reds,0.296,0.387,0.352,0.739,0.163,0.226,0.184,0.41
ID592626,Joc Pederson,Texas Rangers,0.167,0.362,0.222,0.584,0.16,0.222,0.42,0.642
ID691777,Max Muncy,Athletics,0.205,0.244,0.436,0.68,0.16,0.276,0.28,0.556
ID669743,Alex Call,Los Angeles Dodgers,0,0.25,0,0.25,0.158,0.273,0.263,0.536
ID656896,Emmanuel Rivera,Baltimore Orioles,0.231,0.231,0.231,0.462,0.158,0.238,0.211,0.449
ID640902,Jhonny Pereda,Athletics,0,0,0,0,0.158,0.2,0.211,0.411
ID668942,Josh Rojas,Chicago White Sox,0.205,0.238,0.308,0.546,0.156,0.229,0.156,0.385
ID680474,Max Schuemann,Athletics,0.25,0.357,0.25,0.607,0.156,0.206,0.156,0.362
ID686780,Pedro Pagés,St. Louis Cardinals,0.295,0.358,0.475,0.833,0.155,0.177,0.31,0.487
ID669221,Sean Murphy,Atlanta Braves,0.25,0.328,0.482,0.81,0.154,0.241,0.327,0.568
ID545341,Randal Grichuk,Arizona Diamondbacks,0.385,0.39,0.744,1.134,0.154,0.233,0.269,0.502
ID665750,Leody Taveras,Seattle Mariners,0.2,0.2,0.4,0.6,0.154,0.214,0.231,0.445
ID690976,Alex Freeland,Los Angeles Dodgers,0.286,0.375,0.5,0.875,0.154,0.267,0.154,0.421
ID683770,Will Robertson,Chicago White Sox,0.273,0.333,0.273,0.606,0.154,0.154,0.231,0.385
ID650489,Willi Castro,Chicago Cubs,0.222,0.462,0.333,0.795,0.154,0.214,0.154,0.368
ID642201,Eli White,Atlanta Braves,0.241,0.241,0.448,0.689,0.152,0.216,0.304,0.52
ID543309,Kyle Higashioka,Texas Rangers,0.238,0.304,0.405,0.709,0.152,0.188,0.152,0.34
ID687952,Christian Encarnacion-Strand,Cincinnati Reds,0.222,0.25,0.444,0.694,0.15,0.19,0.3,0.49
ID641857,Ryan McMahon,New York Yankees,0.19,0.346,0.238,0.584,0.15,0.25,0.2,0.45
ID669326,Bryce Teodosio,Los Angeles Angels,0.133,0.316,0.133,0.449,0.15,0.217,0.2,0.417
ID671286,Johnathan Rodríguez,Cleveland Guardians,0.143,0.25,0.571,0.821,0.15,0.19,0.2,0.39
ID663837,Matt Vierling,Detroit Tigers,0.3,0.364,0.6,0.964,0.15,0.19,0.2,0.39
ID622761,Jorge Mateo,Baltimore Orioles,0.167,0.167,0.222,0.389,0.15,0.15,0.15,0.3
ID677592,Everson Pereira,Tampa Bay Rays,0.167,0.333,0.667,1,0.15,0.143,0.15,0.293
ID608348,Carson Kelly,Chicago Cubs,0.235,0.297,0.397,0.694,0.148,0.258,0.296,0.554
ID679032,Johan Rojas,Philadelphia Phillies,0.25,0.333,0.292,0.625,0.148,0.207,0.148,0.355
ID694374,Tim Tawa,Arizona Diamondbacks,0.303,0.361,0.424,0.785,0.147,0.162,0.265,0.427
ID688760,Blaine Crim,Colorado Rockies,0.333,0.25,0.833,1.083,0.143,0.25,0.571,0.821
ID701398,Sal Stewart,Cincinnati Reds,0,0,0,0,0.143,0.143,0.571,0.714
ID665923,Esteury Ruiz,Los Angeles Dodgers,0.333,0.333,0.333,0.666,0.143,0.143,0.571,0.714
ID663731,Connor Kaiser,Arizona Diamondbacks,0,0,0,0,0.143,0.25,0.286,0.536
ID666150,Dominic Fletcher,Chicago White Sox,0.5,0.5,1,1.5,0.143,0.25,0.286,0.536
ID669911,Michael Toglia,Colorado Rockies,0.188,0.328,0.312,0.64,0.143,0.232,0.245,0.477
ID677008,Heston Kjerstad,Baltimore Orioles,0.304,0.304,0.478,0.782,0.143,0.143,0.333,0.476
ID663609,Luken Baker,St. Louis Cardinals,0,0.2,0,0.2,0.143,0.333,0.143,0.476
ID642136,Matt Thaiss,Tampa Bay Rays,0.625,0.667,0.75,1.417,0.143,0.333,0.143,0.476
ID666152,David Hamilton,Boston Red Sox,0.286,0.4,0.476,0.876,0.143,0.172,0.179,0.351
ID694376,Shay Whitcomb,Houston Astros,0,0,0,0,0.143,0.143,0.143,0.286
ID681584,David Villar,San Francisco Giants,0,0,0,0,0.143,0.143,0.143,0.286
ID669208,Ryan Bliss,Seattle Mariners,0.25,0.25,0.25,0.5,0.143,0.143,0.143,0.286
ID677870,Leo Jiménez,Toronto Blue Jays,0,0,0,0,0.143,0.143,0.143,0.286
ID695578,James Wood,Washington Nationals,0.233,0.346,0.433,0.779,0.14,0.312,0.198,0.51
ID656180,Riley Adams,Washington Nationals,0.213,0.302,0.447,0.749,0.14,0.189,0.28,0.469
ID686681,Michael Massey,Kansas City Royals,0.286,0.352,0.388,0.74,0.14,0.178,0.233,0.411
ID679845,Nick Loftin,Kansas City Royals,0.143,0.217,0.286,0.503,0.138,0.194,0.207,0.401
ID810938,Ben Williamson,Seattle Mariners,0.218,0.259,0.273,0.532,0.138,0.194,0.172,0.366
ID664774,LaMonte Wade Jr.,San Francisco Giants,0.273,0.36,0.545,0.905,0.136,0.208,0.227,0.435
ID687231,Darell Hernaiz,Athletics,0.143,0.194,0.143,0.337,0.136,0.208,0.182,0.39
ID666176,Jo Adell,Los Angeles Angels,0.329,0.353,0.573,0.926,0.135,0.189,0.247,0.436
ID660821,Jesús Sánchez,Miami Marlins,0.224,0.309,0.388,0.697,0.135,0.167,0.212,0.379
ID543592,Austin Nola,Colorado Rockies,0.5,0.5,0.5,1,0.133,0.188,0.133,0.321
ID518595,Travis d'Arnaud,Los Angeles Angels,0.207,0.258,0.345,0.603,0.132,0.25,0.289,0.539
ID571771,Enrique Hernández,Los Angeles Dodgers,0.226,0.314,0.419,0.733,0.128,0.205,0.205,0.41
ID665155,Nick Maton,Chicago White Sox,0.286,0.375,0.571,0.946,0.125,0.125,0.5,0.625
ID699625,Jimmy Crooks,St. Louis Cardinals,0.143,0.143,0.143,0.286,0.125,0.125,0.5,0.625
ID666397,Edouard Julien,Minnesota Twins,0.231,0.344,0.269,0.613,0.125,0.222,0.25,0.472
ID696030,Alejandro Osuna,Texas Rangers,0.143,0.217,0.19,0.407,0.125,0.214,0.167,0.381
ID656248,Sean Bouchard,Colorado Rockies,0.182,0.182,0.182,0.364,0.125,0.222,0.125,0.347
ID670224,Kameron Misner,Tampa Bay Rays,0.25,0.25,0.406,0.656,0.125,0.176,0.125,0.301
ID545121,Ildemaro Vargas,Arizona Diamondbacks,0.333,0.333,0.722,1.055,0.125,0.125,0.125,0.25
ID672284,Jarred Kelenic,Atlanta Braves,0.25,0.25,0.833,1.083,0.125,0.125,0.125,0.25
ID641658,Garrett Hampson,St. Louis Cardinals,0.2,0.2,0.4,0.6,0.125,0.125,0.125,0.25
ID663886,Tyler Stephenson,Cincinnati Reds,0.302,0.389,0.587,0.976,0.121,0.231,0.242,0.473
ID677347,Kyren Paris,Los Angeles Angels,0.357,0.438,0.5,0.938,0.12,0.185,0.36,0.545
ID666163,Ben Rortvedt,Tampa Bay Rays,0.125,0.125,0.25,0.375,0.118,0.25,0.118,0.368
ID642180,Tyler Wade,San Diego Padres,0.269,0.296,0.269,0.565,0.118,0.167,0.118,0.285
ID542932,Jon Berti,Chicago Cubs,0.231,0.231,0.308,0.539,0.118,0.118,0.118,0.236
ID807799,Masataka Yoshida,Boston Red Sox,0.222,0.29,0.444,0.734,0.114,0.135,0.114,0.249
ID669127,Shea Langeliers,Athletics,0.241,0.309,0.471,0.78,0.113,0.13,0.245,0.375
ID691728,Zac Veen,Colorado Rockies,0,0,0,0,0.111,0.2,0.444,0.644
ID680869,Zack Gelof,Athletics,0.176,0.286,0.176,0.462,0.111,0.273,0.111,0.384
ID687637,Dylan Beavers,Baltimore Orioles,0.143,0.4,0.143,0.543,0.111,0.238,0.111,0.349
ID607732,Jacob Stallings,Colorado Rockies,0.231,0.444,0.308,0.752,0.111,0.238,0.111,0.349
ID694377,Nick Yorke,Pittsburgh Pirates,0.286,0.375,0.286,0.661,0.111,0.111,0.222,0.333
ID690291,Jace Jung,Detroit Tigers,0.143,0.333,0.143,0.476,0.111,0.111,0.111,0.222
ID545341,Randal Grichuk,Kansas City Royals,0.5,0.556,0.5,1.056,0.111,0.111,0.111,0.222
ID683146,Brett Baty,New York Mets,0.321,0.387,0.554,0.941,0.108,0.121,0.277,0.398
ID805373,Nacho Alvarez Jr.,Atlanta Braves,0.222,0.25,0.333,0.583,0.103,0.212,0.138,0.35
ID665839,Enmanuel Valdez,Pittsburgh Pirates,0.2,0.333,0.4,0.733,0.1,0.182,0.35,0.532
ID669234,Justyn-Henry Malloy,Detroit Tigers,0,0.333,0,0.333,0.1,0.357,0.1,0.457
ID670042,Luke Raley,Seattle Mariners,0.206,0.25,0.294,0.544,0.1,0.25,0.1,0.35
ID668974,Maverick Handley,Baltimore Orioles,0,0,0,0,0.1,0.167,0.1,0.267
ID690987,Robert Hassell III,Washington Nationals,0.278,0.278,0.333,0.611,0.097,0.152,0.226,0.378
ID596146,Max Kepler,Philadelphia Phillies,0.129,0.237,0.229,0.466,0.095,0.264,0.095,0.359
ID692216,C.J. Kayfus,Cleveland Guardians,0.188,0.188,0.375,0.563,0.095,0.208,0.143,0.351
ID681508,Mickey Gasper,Minnesota Twins,0.105,0.227,0.158,0.385,0.091,0.231,0.364,0.595
ID457759,Justin Turner,Chicago Cubs,0.273,0.304,0.318,0.622,0.091,0.205,0.182,0.387
ID680737,Michael Helman,Texas Rangers,0.235,0.278,0.471,0.749,0.091,0.231,0.091,0.322
ID680577,DaShawn Keirsey Jr.,Minnesota Twins,0.1,0.182,0.1,0.282,0.091,0.167,0.091,0.258
ID621028,Kevin Newman,Los Angeles Angels,0.133,0.133,0.133,0.266,0.091,0.091,0.091,0.182
ID672724,Oswald Peraza,New York Yankees,0.176,0.364,0.176,0.54,0.086,0.135,0.114,0.249
ID676480,José Barrero,St. Louis Cardinals,0,0,0,0,0.083,0.214,0.083,0.297
ID518792,Jason Heyward,San Diego Padres,0.125,0.118,0.125,0.243,0.083,0.154,0.083,0.237
ID664034,Ty France,Toronto Blue Jays,0.222,0.222,0.222,0.444,0.083,0.154,0.083,0.237
ID657136,Connor Wong,Boston Red Sox,0.233,0.258,0.333,0.591,0.083,0.105,0.083,0.188
ID595978,Austin Hedges,Cleveland Guardians,0.267,0.389,0.467,0.856,0.081,0.171,0.081,0.252
ID689172,Brett Wisely,San Francisco Giants,0.333,0.6,1.333,1.933,0.077,0.2,0.077,0.277
ID689200,Jacob Melton,Houston Astros,0.333,0.333,0.667,1,0.077,0.077,0.077,0.154
ID671213,Triston Casas,Boston Red Sox,0.235,0.278,0.412,0.69,0.067,0.222,0.067,0.289
ID695238,Will Wagner,Toronto Blue Jays,0.435,0.536,0.565,1.101,0.067,0.176,0.067,0.243
ID676439,Hunter Feduccia,Tampa Bay Rays,0.222,0.417,0.333,0.75,0.067,0.125,0.067,0.192
ID678554,Curtis Mead,Tampa Bay Rays,0.24,0.345,0.36,0.705,0.062,0.25,0.25,0.5
ID681146,Jonah Bride,Minnesota Twins,0,0.167,0,0.167,0.062,0.118,0.062,0.18
ID623993,Anthony Santander,Toronto Blue Jays,0.176,0.318,0.176,0.494,0.059,0.2,0.176,0.376
ID660821,Jesús Sánchez,Houston Astros,0.167,0.333,0.208,0.541,0.056,0.105,0.111,0.216
ID678877,Jhonkensy Noel,Cleveland Guardians,0.087,0.087,0.13,0.217,0.053,0.053,0.053,0.106
ID669450,Cooper Hummel,Houston Astros,0.2,0.333,0.2,0.533,0.048,0.2,0.048,0.248
ID656582,Connor Joe,San Diego Padres,0,0,0,0,0,1,0,1
ID695670,Harry Ford,Seattle Mariners,0,0,0,0,0,1,0,1
ID682515,Logan Porter,San Francisco Giants,0,0,0,0,0,0.667,0,0.667
ID675915,David Bañuelos,Baltimore Orioles,0,0,0,0,0,0.5,0,0.5
ID691373,Jhostynxon Garcia,Boston Red Sox,0,0.25,0,0.25,0,0.5,0,0.5
ID674441,Jacob Hurtubise,Cincinnati Reds,0,0,0,0,0,0.5,0,0.5
ID672012,Tyler Black,Milwaukee Brewers,0,0.5,0,0.5,0,0.5,0,0.5
ID665019,Kody Clemens,Philadelphia Phillies,0,0,0,0,0,0.5,0,0.5
ID671083,Buddy Kennedy,Philadelphia Phillies,0,0,0,0,0,0.5,0,0.5
ID688760,Blaine Crim,Texas Rangers,0,0,0,0,0,0.5,0,0.5
ID641658,Garrett Hampson,Arizona Diamondbacks,0.111,0.2,0.111,0.311,0,0.4,0,0.4
ID680911,Owen Miller,Colorado Rockies,0.333,0.5,0.333,0.833,0,0.333,0,0.333
ID669374,Keston Hiura,Colorado Rockies,0.25,0.5,0.25,0.75,0,0.333,0,0.333
ID621035,Chris Taylor,Los Angeles Angels,0.333,0.333,0.444,0.777,0,0.333,0,0.333
ID695238,Will Wagner,San Diego Padres,0,0,0,0,0,0.333,0,0.333
ID676116,Ryan Noda,Chicago White Sox,0.143,0.143,0.143,0.286,0,0.308,0,0.308
ID678225,Ji Hwan Bae,Pittsburgh Pirates,0,0,0,0,0,0.25,0,0.25
ID805811,Bryce Eldridge,San Francisco Giants,0,0,0,0,0,0.25,0,0.25
ID608385,Jesse Winker,New York Mets,0.231,0.286,0.231,0.517,0,0.222,0,0.222
ID681962,Vinny Capra,Chicago White Sox,0,0,0,0,0,0.2,0,0.2
ID669134,Luis Campusano,San Diego Padres,0,0,0,0,0,0.2,0,0.2
ID682848,Endy Rodríguez,Pittsburgh Pirates,0.182,0.25,0.273,0.523,0,0.182,0,0.182
ID683748,Victor Mesa Jr.,Miami Marlins,0.25,0.4,0.25,0.65,0,0.167,0,0.167
ID676070,Jacob Amaya,Chicago White Sox,0.364,0.417,0.455,0.872,0,0.1,0,0.1
ID672569,Gustavo Campero,Los Angeles Angels,0.273,0.429,0.818,1.247,0,0.091,0,0.091
ID669003,Garrett Mitchell,Milwaukee Brewers,0.333,0.333,0.444,0.777,0,0.091,0,0.091
ID656484,Tristan Gray,Tampa Bay Rays,0.222,0.364,0.556,0.92,0,0.083,0,0.083
ID600869,Jeimer Candelario,Cincinnati Reds,0.273,0.385,0.909,1.294,0,0.062,0,0.062